Bunzl April 2024 Vendor Guide,,,,Grocery.CustomerService@BunzlUSA.com,,,,,,,,,,,,,,,
,,,,Phone # 888-233-5267 ,,,,,,,,,,,,,,,
Item#,Description,Pack,UOM,Comments,Build Up,Week 1,Week 2,Week 3,Week 4 ,Week 5,,,,,,,,,
CANDY/COFFEE/BULK,,,,,,,,,,,,,,,,,,,
10900920,"TFM COFFEE BAG - New Larger Size, New print",500,CS,,,,,,,,,,,,,,,,
16203521,4-cup Drink Carrier,300,CS,,,,,,,,,,,,,,,,
15300722,FRESH MARKET COFFEE CUP PAPER 12-OZ WHITE/GREEN,1000,CS,,,,,,,,,,,,,,,,
15300401,"COFFEE CUP LID, WHITE SIP THRU      ",1000,CS,,,,,,,,,,,,,,,,
12501538,Fresh Market Leaf Sample Cup 4oz,1000,CS,,,,,,,,,,,,,,,,
65160005,CREAMER PACKET,1001,CS,,,,,,,,,,,,,,,,
58620001,1.5-GAL COFFEE FILTER (Tea Urn filter),500,CS,,,,,,,,,,,,,,,,
58628101,12 CUP COFFEE FILTER (Old Coffee brewer),1000,CS,,,,,,,,,,,,,,,,
58621463,"BUNN MACHINE COFFEE FILTER 14"" X 16"" (New Coffee brewer)",500,CS,,,,,,,,,,,,,,,,
61706185,"R810 5.5"" WOODEN COFFEE STIRRERS",10000,CS,,,,,,,,,,,,,,,,
16202596,12OZ SQUARE BULK CONTAINER,960,CS,NO CHANGE,,,,,,,,,,,,,,,
16202602,12OZ SQUARE BULK CONTAINER LID ,960,CS,Lid for 12 OZ BULK CONTAINER ONLY (WILL NOT WORK WITH NEW 16 OZ & 32 OZ SQUARE CONTAINERS),,,,,,,,,,,,,,,
L8750026,16OZ & 32OZ SQUAR BULK CONTAINER LID - NEW,600,CS,NEW - DOES NOT FIT 12 OZ TUB,,,,,,,,,,,,,,,
L8750022,16OZ SQUARE BULK CONTAINER - NEW,600,CS, ,,,,,,,,,,,,,,,
L8750024,32OZ SQUARE BULK CONTAINER - NEW,600,CS, ,,,,,,,,,,,,,,,
62420147,RECLOSABLE BAG 2-MIL 4X6 CLEAR WITH PLU,1000,CS,,,,,,,,,,,,,,,,
62420145,RECLOSABLE BAG 2-MIL 4X8 CLEAR WITH PLU,1000,CS,,,,,,,,,,,,,,,,
62420148,RECLOSABLE BAG 2-MIL 6X9 CLEAR WITH PLU,2000,CS,,,,,,,,,,,,,,,,
661224301,GRINDZ COFFEE CLEANER,1,EA,,,,,,,,,,,,,,,,
661220121,TABZ COFFEE BREWER CLEANER TABLETS  ,120,CT,,,,,,,,,,,,,,,,
10903904,COFFEE SLEEVE PAPER BROWN - Java Jacket,1300,CS,,,,,,,,,,,,,,,,
78990011,LID FOR SPICE JAR-2,144,CS,,,,,,,,,,,,,,,,
78990014,4OZ SPICE JAR-2,144,CS,,,,,,,,,,,,,,,,
65160010,83026 SUGAR SUBSTITUTE PACKET 1.375X2.5 YELLOW,2000,CS,,,,,,,,,,,,,,,,
65160006,83024 SUGAR SUBSTITUTE 1.375X2.5 PINK PACKET,2000,CS,,,,,,,,,,,,,,,,
65160012,83027 SUGAR SUBSTITUTE TURBINADO CANE RAW 1.375X2.5,1200,CS,,,,,,,,,,,,,,,,
BEER & WINE,,,,,,,,,,,,,,,,,,,
E7530012,FRESH MARKET  CREATE YOUR OWN 6-PK CARRIER ,150,CS,,,,,,,,,,,,,,,,
E7540012,FRESH MARKET WINE CARRIER  4PK,20,CS,back in stock soon ,,,,,,,,,,,,,,,
C5380080,6-Bottle Resuable Wine Bag Stock Print,50,CS,Ohio Stores ONLY,,,,,,,,,,,,,,,
13201597,QUART LIQUOR BAG (WINE BAG PAPER) 4.25X2.50X16,500,CS,,,,,,,,,,,,,,,,
58750012,QUART LIQUOR BAG (WINE BAG PAPER) 4.25X2.50X16,500,CS,Bunzl NOLA only,,,,,,,,,,,,,,,
UNIFORMS,,,,,,,,,,,,,,,,,,,
246600035,BLACK BEARD GUARDS,100,BX,,,,,,,,,,,,,,,,
346303655,FACE MASK PP BLUE,50,BX,,,,,,,,,,,,,,,,
750072485,Disposable Apron For Raw Deli Meat,100,PK,,,,,,,,,,,,,,,,
416456441,WHIZARD CUT RESIST GLOVE  XTRA XTRA SMALL,1,EA,,,,,,,,,,,,,,,,
416456391,WHIZARD CUT RESIST GLOVE  XTRA SMALL,1,EA,,,,,,,,,,,,,,,,
416456401,WHIZARD CUT RESIST GLOVE SMALL,1,EA,,,,,,,,,,,,,,,,
416456411,WHIZARD CUT RESIST GLOVE MEDIUM,1,EA,,,,,,,,,,,,,,,,
416456421,WHIZARD CUT RESIST GLOVE LARGE,1,EA,,,,,,,,,,,,,,,,
416456431,WHIZARD CUT RESIST GLOVE XTRA LARGE,1,EA,,,,,,,,,,,,,,,,
466331851,18INCH BLACK NEOPRENE FRYER GLOVE,1,PR,,,,,,,,,,,,,,,,
750093011,BACK SUPPORT SMALL,1,EA, ,,,,,,,,,,,,,,,
750093021,BACK SUPPORT MEDIUM,1,EA, ,,,,,,,,,,,,,,,
750093031,BACK SUPPORT LARGE,1,EA, ,,,,,,,,,,,,,,,
750093041,BACK SUPPORT X-LARGE,1,EA, ,,,,,,,,,,,,,,,
UNIFORMS cont.,,,,,,,,,,,,,,,,,,,
750093051,BACK SUPPORT 2X-LARGE,1,EA, ,,,,,,,,,,,,,,,
750093061,BACK SUPPORT 3X-LARGE,1,EA, ,,,,,,,,,,,,,,,
F46900011,XXS SLIP RESISTANT OVERSHOE,1,PR,,,,,,,,,,,,,,,,
F46900021,XS SLIP RESISTANT OVERSHOE,1,PR,,,,,,,,,,,,,,,,
F46900031,SLIP RESISTANT OVERSHOE,1,PR,,,,,,,,,,,,,,,,
F46900041,S+ SLIP RESISTANT OVERSHOE,1,PR,,,,,,,,,,,,,,,,
F46900051,M SLIP RESISTANT OVERSHOE,1,PR,,,,,,,,,,,,,,,,
F46900061,M+ SLIP RESISANT OVERSHOE,1,PR,,,,,,,,,,,,,,,,
F46900071,L SLIP RESISTANT OVERSHOE,1,PR,,,,,,,,,,,,,,,,
F46900081,XL SLIP RESISTANT OVERSHOE,1,PR,,,,,,,,,,,,,,,,
F46900091,XXL SLIP RESISTANT OVERSHOE,1,PR,,,,,,,,,,,,,,,,
KNIVES,,,,,,,,,,,,,,,,,,,
581600131,12INCH BEEF TIER,1,EA,,,,,,,,,,,,,,,,
336705391,"40539 CIMETER KNIFE 10"" CURVED PLASTIC HANDLE",1,EA,,,,,,,,,,,,,,,,
336740511,"40521 10"" STRAIGHT CHEF SLICER 2-1/8"" WIDE W/FIBROX HDL",1,EA,,,,,,,,,,,,,,,,
336700141,"40515 BONING KNIFE CURVED SEMI-STIFF W/FIBROX HANDLE 6""",1,EA,,,,,,,,,,,,,,,,
336701211,"40102 6"" UTILITY KNIFE",1,EA,,,,,,,,,,,,,,,,
336705501,"40550 BREAD KNIFE 9"" BLACK HANDLE",1,EA,,,,,,,,,,,,,,,,
336741011,"40101  4"" UTILITY KNIFE",1,EA,,,,,,,,,,,,,,,,
336703091,"12"" RND BUTCHER STEEL REGULAR CUT",1,EA,,,,,,,,,,,,,,,,
33670323,"STRAIGHT PARING KNIFE 3.25"" WITH HANDLE",1,EA,,,,,,,,,,,,,,,,
336702591,40448 DOUGH SCRAPER P/P 3X6 WHITE,1,EA,,,,,,,,,,,,,,,,
336702751,"40693  4"" SQ POLY BONE DUST SCRAPER",1,EA,,,,,,,,,,,,,,,,
336701401,"40543  12"" STRAIGHT HAM SLICER BLACK FIBROX HANDLE",1,EA,,,,,,,,,,,,,,,,
336711951,14 INCH DOUBLE HANDLE CHEESE KNIFE,1,EA,,,,,,,,,,,,,,,,
SIGN HOLDERS,,,,,,,,,,,,,,,,,,,
330902045,FOLD N HOLD TICKET HOLDER,25,BG,,,,,,,,,,,,,,,,
330931021,GROCERY PROMO SIGN CHANNEL,1,EA,,,,,,,,,,,,,,,,
330943065,HINGED SHELF TAG,100,BG,,,,,,,,,,,,,,,,
330955011,CANDY REGISTER SIGN HOLDER,1,EA,,,,,,,,,,,,,,,,
330955025,4008 CLIP ON SIGN HOLDER PLAS 4L CLEAR,50,BG,,,,,,,,,,,,,,,,
330955031,1602 CLIP ON EXTENDED SIGN HOL DER,1,EA,,,,,,,,,,,,,,,,
330955041,SIGNATURE BAKERY SIGN HOLDER,1,EA,,,,,,,,,,,,,,,,
330955051,CANDY DEPT CLIP ON SIGN HOLDER,1,EA,,,,,,,,,,,,,,,,
330981045,SUPERGRIP WIRE SIGN HOLDER,50,BG,,,,,,,,,,,,,,,,
330991015,"1"" EASEL CARD HOLDER",12,PK,,,,,,,,,,,,,,,,
384526741,SUCTION CUP SIGNCARD HOLDER FOLDER VINYL 3.5X5.5,1,EA,,,,,,,,,,,,,,,,
DELI,,,,,,,,,,,,,,,,,,,
M0010004,MEDIUM THERMAL MEAL BOX/TOTE,15,CS,,,,,,,,,,,,,,,,
M0010003,LARGE THERMAL MEAL BOX/TOTE,15,CS,,,,,,,,,,,,,,,,
10801651,HOT FOOD CONTAINER 16OZ BASE,756,CS,,,,,,,,,,,,,,,,
10801650,HOT FOOD CONTAINER 16OZ LID,756,CS,,,,,,,,,,,,,,,,
10800130,ROASTED CHICKEN DOME AND BOTTOM,170,CS,,,,,,,,,,,,,,,,
10900583,SANDWICH WRAP PLASTIC 15x15 CLEAR SHEET,5000,CS,,,,,,,,,,,,,,,,
39350251,TS32PW PAGODA BOWL SALAD CONTAINER,168,CS,deplete & replace w/ 39350259,,,,,,,,,,,,,,,
39350259,TS24PW PAGODA BOWL APPETIZER CONTAINER,174,CS,replaces 39350251,,,,,,,,,,,,,,,
39350273,TS12PW PAGODA SHRIMP COCKTAIL HINGED CONTAINER,168,CS,New Item - Distro Coming Week of 4/15,,,,,,,,,,,,,,,
62204300,COMFORT BOWL P/P 24-OZ Med Black,300,CS,,,,,,,,,,,,,,,,
62206101,"COMFORT DOME LID P/P 7.5"" F/18/24/32-OZ CLEAR",300,CS,,,,,,,,,,,,,,,,
17309970,18x5280 CHEESE FILM,1,RL,,,,,,,,,,,,,,,,
L8750048,PANINI SANDWICH CONTAINER 9X6 IVORY,250,CS,,,,,,,,,,,,,,,,
DELI cont.,,,,,,,,,,,,,,,,,,,
16501060,21060 Hoagie 9” Container Hinged,250,CS,,,,,,,,,,,,,,,,
14100780,SOUP BAR NAPKIN,6000,CS,stores w/ free-standing soup bars,,,,,,,,,,,,,,,
16200070,Snack Pack Box-4 Compartment Bottom,360,CS,,,,,,,,,,,,,,,,
16200065,Snack Pack Box-4 Compartment Lid,360,CS,,,,,,,,,,,,,,,,
L8750012,BISTRO MEAL CONTAINER 3 COMPT HINGE LID,150,CS,,,,,,,,,,,,,,,,
163049381,T-BAR W/HOOK FOR HANGING BAG,1,EA,,,,,,,,,,,,,,,,
75000950,P/S FOIL POP UP SHEETS 9X10.75,3000,CS,,,,,,,,,,,,,,,,
31049100,FOIL POP UP SHEETS 9X10.75,3000,CS,"IL, IN, KY, OH & 153 ONLY",,,,,,,,,,,,,,,
03600621,FOIL ROLL HVY DUTY 24x1000,1,RL,,,,,,,,,,,,,,,,
17509048,"TFM HOT GRAB N GO BAG (WINGS, CHICKEN BREAST, PORK LOIN)",250,CS,,,,,,,,,,,,,,,,
10901530,Fried Chicken Carton,110,CS,replaces 24290048,,,,,,,,,,,,,,,
27600794,CHICKEN FRYER FILTER,100,CS,,,,,,,,,,,,,,,,
330962345,"EASY PULL CHEESE CUTTER REPLAC EMENT WIRE 24""",5,PK,,,,,,,,,,,,,,,,
34780054,12OZ RECTANGLE DELI CONTAINER,200,CS,,,,,,,,,,,,,,,,
34780056,32-OZ CLEAR HINGED DELI CONT,200,CS,,,,,,,,,,,,,,,,
34780058,24OZ RECTANGLE DELI CONTAINER - for Holiday Dinner Sides,200,CS,,,,,,,,,,,,,,,,
18400059,7INCH SNOW BRITE CIRCLE,100,CS,,,,,,,,,,,,,,,,
18400942,"16"" PRINTED PIZZA BOX ",50,CS,,,,,,,,,,,,,,,,
18400849,"16"" WHITE PIZZA CIRCLE",100,CS,,,,,,,,,,,,,,,,
03190016,Hot And Fresh 16” Pizza Box,50,CS,New Item ,,,,,,,,,,,,,,,
03190013,Hot And Fresh 12” Pizza Box,50,CS,New Item ,,,,,,,,,,,,,,,
10100515,6” White Sampling Plate      ,1000,CS,New Item ,,,,,,,,,,,,,,,
39350926,SLP20 HINGED DELI CONTAINER,500,CS,,,,,,,,,,,,,,,,
16200153,10.5x8 Large Black/Gold Aluminum w/Dome Lid Combo,50,CS,,,,,,,,,,,,,,,,
39543437,"PARTY TRAY BAG FITS 12/16/18"" Trays",50,CS,,,,,,,,,,,,,,,,
39542053,16OZ SOUP CUP WITH LID - White,250,CS,,,,,,,,,,,,,,,,
39542088,8OZ SOUP CUP WITH LID - White,250,CS,,,,,,,,,,,,,,,,
506916621,OVEN AIR FILTER,1,EA,,,,,,,,,,,,,,,,
39350444,OLIVE TRAY W/CENTER DIP COMPARTMENT,100,CS,,,,,,,,,,,,,,,,
62200025,2-CMPT BENTO FOOD CONTR PET 6.913X5.653X1.67,450,CS,,,,,,,,,,,,,,,,
62200003,LID FOR 2-CMPT BENTO FOOD CONTR PET ,450,CS,,,,,,,,,,,,,,,,
F4040032 ,SLATE TRAY 9X4,350,CS,distro only - per Corporate,,,,,,,,,,,,,,,
J7670018,FAUX SLATE TRAY 10X10,80,CS,,,,,,,,,,,,,,,,
J7670020,FAUX SLATE TRAY 7X16,80,CS,,,,,,,,,,,,,,,,
62200292,SQUARE CUT FRUIT TRAY & DOME LID,25,CS,,,,,,,,,,,,,,,,
62201390,32OZ CPET TRAY                (Meal Solutions Entrée for Two),390,CS,,,,,,,,,,,,,,,,
62200390,LID FOR 32OZ CPET TRAY  (Meal Solutions Entrée for Two),390,CS,,,,,,,,,,,,,,,,
62204130,68OZ CPET TRAY                (Meal Solutions Meals for Four),150,CS,seasonal only,,,,,,,,,,,,,,,
62204120,LID FOR 68OZ CPET TRAY   (Meal Solutions Meals for Four),150,CS,seasonal only,,,,,,,,,,,,,,,
10903003,KRAFT PASTRY BAG GREASE RESISTANT 6.5x1x8 ,2000,CS,"ONLY f/ STORES: 1, 12, 25, 41, 42, 46, 48, 66, 72, 85, 201, 204, 207 208, 246, 247, 248",,,,,,,,,,,,,,,
62420114,TFM SLIDE DELI BAG 10X8 ,1000,CS,,,,,,,,,,,,,,,,
L8750165,8OZ CLEAR DELI CONTAINER,500,CS,,,,,,,,,,,,,,,,
L8750166,12OZ CLEAR DELI CONTAINER,500,CS,,,,,,,,,,,,,,,,
L8750170,16OZ XL CLEAR DELI CONTAINER,500,CS,,,,,,,,,,,,,,,,
L8750171,32OZ XL CLEAR DELI CONTAINER,500,CS,,,,,,,,,,,,,,,,
L8750173,CLEAR LID FOR 8 - 16 - 32 OZ DELI CONTAINERS,500,CS,,,,,,,,,,,,,,,,
75002925,KNIFE HVY/WT P/P BLACK INDIVIDUALLY WRAPPED     ,1000,CS,,,,,,,,,,,,,,,,
75002926,FORK HVY/WT P/P BLACK INDIVIDUALLY WRAPPED  ,1000,CS,,,,,,,,,,,,,,,,
75002928,SOUP SPOON HVY/WT P/P BLACK INDIVIDUALLY WRAPPED     ,1000,CS,,,,,,,,,,,,,,,,
75002677,75002677 P/S TASTER SPOON WHITE,3000,CS,,,,,,,,,,,,,,,,
GIFT/FLORAL,,,,,,,,,,,,,,,,,,,
35622440,"KRAFT PAPER 24"" 40# 900'",1,RL,,,,,,,,,,,,,,,,
10420044,"KRAFT PAPER 24"" 40# 900'",1,RL,Bunzl NOLA only,,,,,,,,,,,,,,,
34000014,8412045 RTU FLORAL CLEANER KIT W/FUNNEL AND 32-OZ SPR,2x2.5 gal,CS,,,,,,,,,,,,,,,,
34000015,81-42020 FLORALIFE EXPRESS CONC 200 NO PUMP CLEAR  ,2x2.5 gal,CS,,,,,,,,,,,,,,,,
GENERAL STORE,,,,,,,,,,,,,,,,,,,
17800860,"Sampling Station Table Cover,Black",20,CS,,,,,,,,,,,,,,,,
004700325,BAND AIDS 1X3,100,BX,,,,,,,,,,,,,,,,
12500220,8-OZ WHITE FOAM CUPS -Branches,1000,CS,,,,,,,,,,,,,,,,
H2640015,SCALE LABELS - New 58MMx147',30,CS,,,,,,,,,,,,,,,,
16770014,ICE MELT 50# BAG,1,BG,,,,,,,,,,,,,,,,
750092245,WHITE BOUFFANT HAIRNET-2,100,PK,,,,,,,,,,,,,,,,
246614465,HN300DBR Dk Brown Hairnet,144,BG,,,,,,,,,,,,,,,,
321200101,Fresh Market SECURITY SEAL Label GREEN 3 3/8” x 1” ,1000,RL,,,,,,,,,,,,,,,,
314000091,First Aid Kit,1,BX,Disco & deplete,,,,,,,,,,,,,,,
354002261,PURELL WIPE STAND,1,EA,deplete & replace w/ 35400999,,,,,,,,,,,,,,,
35400999,PURELL WIPE STAND,1,EA,replaces 354002261,,,,,,,,,,,,,,,
35401017,PURELL SANITIZING WIPES REFILL POUCH 1700-CT,4,CS,,,,,,,,,,,,,,,,
35400924,PURELL SANITIZING WIPES REFILL POUCH 1700-CT,2,CS,Bunzl INDY only,,,,,,,,,,,,,,,
35401265,4450-06 Purell Hand Sanitizer Refill Pack - GEL 450ML          ,6,EA,,,,,,,,,,,,,,,,
35401266,Purell Hand Sanitizer Start Up Kit w/Dispenser/Refill,6,EA,,,,,,,,,,,,,,,,
48297336,DIAMOND CRYSTAL SALT PELLETS 50# ,1,EA,,,,,,,,,,,,,,,,
A2310003,SALT PELLETS 50# ,1,EA,Bunzl INDY only,,,,,,,,,,,,,,,
541500525,CUTTER BLADES,100,BX,,,,,,,,,,,,,,,,
541590481,JIFFY KNIFE,12,BX,,,,,,,,,,,,,,,,
J0080001,BAR CHAIR WITH 2 RINGS VINYL BLACK SEAT,1,EA,,,,,,,,,,,,,,,,
C90100145,Thermometer probe wipes sachet,100,PK,,,,,,,,,,,,,,,,
633601711,FREEZER THERMOMETER,1,EA,,,,,,,,,,,,,,,,
652300151,6X15 TEFLON COVER,1,EA,,,,,,,,,,,,,,,,
652300181,8X15 TEFLON COVER,1,EA,,,,,,,,,,,,,,,,
K1130002 ,COPY PAPER 20# 8.5X11     ,10/500,CS,,,,,,,,,,,,,,,,
L9950019,COPY PAPER 20# 8.5X11     ,10/500,CS,BUNZL PHILLY ONLY,,,,,,,,,,,,,,,
G28200021,41020 REMOTE CONTROL MEAT,1,EA,,,,,,,,,,,,,,,,
G28200031,41030 TICKET ROLL WHITE 3000 PER ROLL,1,RL,,,,,,,,,,,,,,,,
G28200051,41030B TICKET ROLL BLUE 3000 PER ROLL,1,RL,,,,,,,,,,,,,,,,
GLOVES,,,,,,,,,,,,,,,,,,,
75000445,SMALL POLY GLOVE,2000,CS,,,,,,,,,,,,,,,,
75000446,MEDIUM POLY GLOVE,2000,CS,,,,,,,,,,,,,,,,
75000447,LARGE POLY GLOVE,2000,CS,,,,,,,,,,,,,,,,
75000448,X LARGE POLY GLOVE,2000,CS,,,,,,,,,,,,,,,,
75007160,SMALL HYBRID GLOVE,1000,CS,deplete & replace w/ 75001620,,,,,,,,,,,,,,,
75001620,P/S SELECT GLOVE CAST MEDIUM CLEAR         ,2000,CS,replaces 75007160,,,,,,,,,,,,,,,
75007170,MEDIUM HYBRID GLOVE,1000,CS,deplete & replace w/ 75001621,,,,,,,,,,,,,,,
75001621,P/S SELECT GLOVE CAST LARGE CLEAR      ,2000,CS,replaces 75007170,,,,,,,,,,,,,,,
75007180,LARGE HYBRID GLOVE,1000,CS,deplete & replace w/ 75001622,,,,,,,,,,,,,,,
75001622,P/S SELECT GLOVE CAST X-LARGE CLEAR                 ,2000,CS,replaces 75007180,,,,,,,,,,,,,,,
75007190,X LARGE HYBRID GLOVE,1000,CS,deplete & replace w/ 75001626,,,,,,,,,,,,,,,
75001626,P/S SELECT GLOVE CAST XXL CLEAR        ,2000,CS,replaces 75007190,,,,,,,,,,,,,,,
750057305,MEDIUM DISHWASHING GLOVE,12,PK,,,,,,,,,,,,,,,,
750057405,LARGE DISHWASHING GLOVE,12,PK,,,,,,,,,,,,,,,,
BAKERY,,,,,,,,,,,,,,,,,,,
03200155,Dessert Bar ,250,CS,,,,,,,,,,,,,,,,
03200151,Croissant Large,200,CS,,,,,,,,,,,,,,,,
03200153,Croissant Small/Muffin,125,CS,,,,,,,,,,,,,,,,
03200157,Cake Box,100,CS,,,,,,,,,,,,,,,,
03200156,Cookie (Crispies/Corn Muffin),280,CS,deplete & replace w/ 03200159,,,,,,,,,,,,,,,
03200159,Cookie (Crispies/Corn Muffin),250,CS,replaces 03200156,,,,,,,,,,,,,,,
03200152,"Pie/Tart 9"" ",150,CS,,,,,,,,,,,,,,,,
39350982,"SLP119 9"" Pie Clamshell Deep Dome (Crème Pies)",200,CS,,,,,,,,,,,,,,,,
39350924,"SLP109 9"" Pie Clamshell Normal Dome (Everyday Pies)",200,CS,,,,,,,,,,,,,,,,
39350925,"SLP110 10"" Pie Clamshell Normal Dome (Sweet Potato & Pumpkin)",200,CS,,,,,,,,,,,,,,,,
39350928,SLP209 Half Pie Container Hinged - Plastic,250,CS,,,,,,,,,,,,,,,,
12504900,Hinged Pie Wedge - Pie Slice Container,250,CS,,,,,,,,,,,,,,,,
39350343,1008CL - 8INCH CAKE DOME AND BASE,100,CS,,,,,,,,,,,,,,,,
09730097,8OZ BUTANE FUEL FOR TORCH,12,CS,,,,,,,,,,,,,,,,
F14300011,EGG WASH & WATER BOTTLE,1,EA,deplete & replace w/ F14311321,,,,,,,,,,,,,,,
F14311321,EGG WASH & WATER BOTTLE (Self-Label),1,EA,replaces F14300011,,,,,,,,,,,,,,,
F14300041,TRIGGER SPRAYER GENERAL PURPOSE,1,EA,,,,,,,,,,,,,,,,
16203367,FC275X525 - LARGE BAKING CUP,10000,CS,,,,,,,,,,,,,,,,
16203359,MEDIUM BAKING CUP,10000,CS,,,,,,,,,,,,,,,,
16502051,JELLY ROLL CONTAINER,250,CS,,,,,,,,,,,,,,,,
06070002,21INCH CLEAR DISPOSABLE PASTRY BAG,600,CS,,,,,,,,,,,,,,,,
61490110,5137-35 1.5LB Loaf Pan (Nut Bread),500,CS,,,,,,,,,,,,,,,,
61540055,"2 1/8"" Round Gold Tab",500,CS,,,,,,,,,,,,,,,,
61540078,"3 1/4"" Round Gold Tab",500,CS,,,,,,,,,,,,,,,,
61540083,"4"" Round Gold Tab",500,CS,,,,,,,,,,,,,,,,
61542151,4 1/2 x 6 St Edge Gold Rectangle Board,300,CS,,,,,,,,,,,,,,,,
54216006,"Gold 6"" Cake Board/Circle",500,CS,,,,,,,,,,,,,,,,
54216007,"Gold 7"" Cake Board/Circle",500,CS,,,,,,,,,,,,,,,,
54210208,"Gold 8"" Cake Board/Circle",200,CS,,,,,,,,,,,,,,,,
54210210,"Gold 9"" Cake Board/Circle",200,CS,,,,,,,,,,,,,,,,
39350154,TS12CCRD - PARFAIT CUP,256,CS,,,,,,,,,,,,,,,,
39350009,2 OZ INSERT for PARFAIT CUP,1200,CS,new item,,,,,,,,,,,,,,,
39350967,2ct Muffin Clamshell,200,CS,,,,,,,,,,,,,,,,
39350906,SLP46 - 6ct Cupcake Container,300,CS,,,,,,,,,,,,,,,,
16502116,4CT Muffin Container,250,CS,,,,,,,,,,,,,,,,
16502092,Utility Container Med - French Rounds,300,CS,,,,,,,,,,,,,,,,
39350986,SLP30H CONTAINER,300,CS,,,,,,,,,,,,,,,,
39541606,5.5x3.25x12 - Cellophane Bag,1000,CS,,,,,,,,,,,,,,,,
75000009,Non-stick Vegetable Oil Baking Spray,6,CS,,,,,,,,,,,,,,,,
29858636,Non-stick Vegetable Oil Baking Spray,6,CS,for Bunzl ATL/TAMPA/S.FL ,,,,,,,,,,,,,,,
62420272,8X3X16 Poly Bread Bag,1000,CS,,,,,,,,,,,,,,,,
62420273,5x4x19 Poly Bread Bag - Bagel,1000,CS,,,,,,,,,,,,,,,,
62420277,TFM DUAL TAB BAG FOR BAKERY COOKIE CASE,1000,CS,,,,,,,,,,,,,,,,
624232441,DUAL TAB BAG HOOK,1,EA,,,,,,,,,,,,,,,,
62420397,6X28 PERFORATED BAKERY BAG FOR CRUSTY BREADS,2000,CS,disco & deplete ,,,,,,,,,,,,,,,
62420396,11X20 MICROPERF CRUSTY BREAD BAG,1500,CS,deplete & replace w/ 10900886,,,,,,,,,,,,,,,
10900887,Small Paper Bag 8X3.5X12.75         ,500,CS,,,,,,,,,,,,,,,,
10900886,Large Paper Bag 6.5X2X17.75,500,CS,,,,,,,,,,,,,,,,
10900894,Baguette Paper Bag 4.5X2.5X28,500,CS,,,,,,,,,,,,,,,,
633600211,3INCH PASTRY BRUSH,1,EA,,,,,,,,,,,,,,,,
BAKERY cont.,,,,,,,,,,,,,,,,,,,
38990285,21X6X35 Sheet Pan Bag,200,CS,,,,,,,,,,,,,,,,
75001750,52 X 80 RACK COVER,50,CS,Bunzl INDY ONLY,,,,,,,,,,,,,,,
31410046,52 X 80 RACK COVER,50,CS,,,,,,,,,,,,,,,,
75003991,Pan Liner 16 3/8 x 24 3/8,1000,CS,,,,,,,,,,,,,,,,
CLEANING,,,,,,,,,,,,,,,,,,,
02920014,GRP36200-GY GRIPPY MAT FLOOR MAT P/P 36X100 GREY    ,1,RL,,,,,,,,,,,,,,,,
029200111,GRP001 CUTTING BOARD F/GRIPPY MAT P/P 38X5.75X.25 WHITE   ,1,EA,,,,,,,,,,,,,,,,
029200131,GRP012-001 KNIFE FOR GRIPPY MAT w/ GUARD/RUBBER HANDLE ,1,EA,,,,,,,,,,,,,,,,
14100488,TORKMATIC PAPER TOWEL,6,CS,,,,,,,,,,,,,,,,
14100740,Paper Towel Wiper,6000,CS,,,,,,,,,,,,,,,,
17708188,FG758088YEL WAVEBRAKE MOP COMBO 35qt SIDEPRESS YEL,1,EA,,,,,,,,,,,,,,,,
14101066,TOILET TISSUE DISPENSER,1,EA,,,,,,,,,,,,,,,,
141012821,TORK ELEVATION MATIC PAPER TOWEL DISPR BLACK,1,EA,,,,,,,,,,,,,,,,
14507017,SPECIAL ORDER CHANGING TABLE LINER REFILL,500,CS,,,,,,,,,,,,,,,,
F14330731,27' DUSTER,1,EA,,,,,,,,,,,,,,,,
665501755,3M DUST MASK,20,BX,,,,,,,,,,,,,,,,
629243001,Basic Goggles,1,EA,,,,,,,,,,,,,,,,
22030100,SOLID CHAFFING FUEL,72,CS,,,,,,,,,,,,,,,,
23361218,14' 14-GA SINGLE LOOP BAILING WIRE,125,BDL,"Bunzl ATL, TMPA, S.FL, NOLA & INDY",,,,,,,,,,,,,,,
23365061,14' 14-GA SINGLE LOOP BAILING WIRE,125,BDL,"Bunzl NJ, GSO, RICH & INDY",,,,,,,,,,,,,,,
177064821,"FG648200COBLT SCRUB BRUSH IRON HANDLE 6"" COBALT BLUE",1,EA,,,,,,,,,,,,,,,,
,,ECOLAB PROGRAM,,,,,,,,,,,,,,,,,
32210408,"Multipurpose disinfectant: restrm, bckrm, frnt end",2 x 1 gal,CS,,,,,,,,,,,,,,,,
42550050,Glass cleaner,2 x 1 gal,CS,,,,,,,,,,,,,,,,
322105565,Bathroom air freshener,4 x 2.7oz,CS,,,,,,,,,,,,,,,,
42550169,Greaselift RTU: DAILY grease removal,6 x 32 oz,CS,,,,,,,,,,,,,,,,
32210401,Sanisave: 1 step cleaner & sanitizer,2x.53 gal,CS,,,,,,,,,,,,,,,,
32210042,Food grade lubricant ,6 x 1 qt,CS,,,,,,,,,,,,,,,,
32210423,Foaming antibacterial hand soap,4 x 42 oz.,CS,,,,,,,,,,,,,,,,
32210411,LmENTARY NO rinse floor/drain cleaner,2 x 2 gal,CS,,,,,,,,,,,,,,,,
32210410,Marketguard 121 chlorinated cleaner,1 x 2.5 gal,CS,,,,,,,,,,,,,,,,
42551306,"Sanitizer KayQuat II, liquid ",2 x 2 gal,CS,,,,,,,,,,,,,,,,
42550000,Block whitener,4 x 1 gal,CS,replaces 42550054,,,,,,,,,,,,,,,
42550053,Freezer and cooler floor cleaner,4 x 1 gal,CS,,,,,,,,,,,,,,,,
42551885,"Compactor deodorizer, liquid",1 x 5 gal,EA,,,,,,,,,,,,,,,,
42552157,"Compactor deodorizer, granules ",1x17.5 lb,EA,,,,,,,,,,,,,,,,
42554111,Stainless steel polish,6 x 1 qt,CS,,,,,,,,,,,,,,,,
42550524,Hawk Fryer cleanser/degreaser,4 x 1 gal,CS,,,,,,,,,,,,,,,,
32210412,3C sink Solidsense sanitizer blocks,4 x 2 lb,CS,,,,,,,,,,,,,,,,
32210413,3C sink Solidsense detergent blocks,4x2lb 5oz,CS,,,,,,,,,,,,,,,,
32210498,Produce Maxx Produce Wash 2.5-Gal Clear (2 per case),2 x 2.5 gal,CS,replaces 32210599,,,,,,,,,,,,,,,
32219777,Grease Strip Plus: heavygrease,6 x 32 oz,CS,,,,,,,,,,,,,,,,
32215302,Market Neutral sales floor cleaner ONLY ,1 x 2.5 gal,CS,,,,,,,,,,,,,,,,
42550106,Spray bottle - multisurface glass cleaner,12 pack,PK,,,,,,,,,,,,,,,,
42550105,Spray bottle - multisurface disinfectant,12 pack,PK,,,,,,,,,,,,,,,,
32210660,Spray bottle - Hawk,12 pack,PK,,,,,,,,,,,,,,,,
322105545,Spray bottle - sanisave,3 pack,PK,,,,,,,,,,,,,,,,
32210603,STERILOX TEST STRIPS - WHITE 100/VIAL,100,CS,replaces 42550032,,,,,,,,,,,,,,,
322104241,Test strips for Quat Sanitizer,1 roll,EA,,,,,,,,,,,,,,,,
14970057,FOAMING DRAIN CLEANER,6,CS,BUNZL ATL stores only,,,,,,,,,,,,,,,
CLEANING cont.,,,,,,,,,,,,,,,,,,,
F6840005,CC102 CONVOCLEAN FORTE - For Combitherm Ovens ONLY,2/2.5Gal,CS,,,,,,,,,,,,,,,,
F6840006,CC202 CONVOCARE- For Combitherm Ovens ONLY,2/2.5Gal,CS,,,,,,,,,,,,,,,,
15204919,SKIDOO FLYING INSECT KILLER,6,CS,,,,,,,,,,,,,,,,
177014601,Wet Mop Fiberglass Handle 60” Grey,1,EA,,,,,,,,,,,,,,,,
F14310851,"LOBBY DUST PAN 30"" W/STEEL HANDLE",1,EA,,,,,,,,,,,,,,,,
750049111,LARGE ANGLE BROOM,1,EA,"DO NOT order for prep rooms. 
Use only at front end, back hallways & restrooms",,,,,,,,,,,,,,,
78000066,TRASH CAN LINER 36X60,200,CS,,,,,,,,,,,,,,,,
78000043,Small Trash Can bags/Checkout Lanes ,1000,CS,,,,,,,,,,,,,,,,
75004161,GREEN SCOURING PAD,60,CS,,,,,,,,,,,,,,,,
14100924,2PLY TOILET TISSUE,12,CS, ,,,,,,,,,,,,,,,
MONARCH LABELS,,,,,,,,,,,,,,,,,,,
47651031,"1151-02 MONARCH LABEL GUN (FX/RX) - JUMBO  ""Date Gun""",1,EA,,,,,,,,,,,,,,,,
476505565,RED FLUORECENT LABEL FOR DATING GUN - JUMBO,6/1000,SLV,,,,,,,,,,,,,,,,
476500285,USE BY/FREEZE BY LABEL - JUMBO,6/1000,SLV,,,,,,,,,,,,,,,,
476535621,"1110-02 MONARCH LABEL GUN (FEB)  ""Price Gun""",1,EA,,,,,,,,,,,,,,,,
476515345,SELL BY LABEL,17000,SLV,,,,,,,,,,,,,,,,
476516615,WHITE BLANK LABEL,17000,SLV,,,,,,,,,,,,,,,,
476517025,FLORAL LABEL,17000,SLV,,,,,,,,,,,,,,,,
476557005,TFM ORGANIC GREEN LABEL,15/1000,SLV,,,,,,,,,,,,,,,,
476557105,GIFT CENTER LABEL,16/1063,SLV,,,,,,,,,,,,,,,,
MULTIPLE,,,,,,,,,,,,,,,,,,,
12500446,2oz BLACK SOUFFLE SAMPLE CUP,2500,CS,,,,,,,,,,,,,,,,
12501397,PL200N LID F/MED PORTION CUP ,2500,CS,,,,,,,,,,,,,,,,
14100865,NAPKINS FOR DISPENSER ,8640,CS,napkin for new dispenser 141008621 - Distro coming in April ,,,,,,,,,,,,,,,
141008621,NAPKIN DISPENSER,1,EA,dispenser for new napkin 14100865 - Distro coming in April,,,,,,,,,,,,,,,
75001563,#2  BLACK FOAM MEAT TRAY,1000,CS,,,,,,,,,,,,,,,,
16207088,#8S BLACK FOAM MEAT TRAY,500,CS,,,,,,,,,,,,,,,,
12500720,48oz SafeSeal Square Tub (Cut Fruit),200,CS,,,,,,,,,,,,,,,,
39350930,SLP25 UTILITY CLAMSHELL SANDWICH CONTAINER ,500,CS,,,,,,,,,,,,,,,,
39542852,DELI QUICK SHT 6X10.75,10000,CS,,,,,,,,,,,,,,,,
39547121,DELI QUICK SHEET 12X10.75,10000,CS,,,,,,,,,,,,,,,,
39548716,DELI QUICK SHT 8X10.75,10000,CS,,,,,,,,,,,,,,,,
62200750,16 INCH ROUND DELI TRAY WITH DOME,25,CS,replaces 62209016, , , , , , ,,,,,,,,,
62200749,18 INCH ROUND DELI TRAY WITH DOME,25,CS,, , , , , , ,,,,,,,,,
73000009,WRAP FILM CUTTER BOX 18x2000,1,RL,,,,,,,,,,,,,,,,
75000056,SHELF LINER 36X60 BLACK,1,RL,,,,,,,,,,,,,,,,
349002755,GREEN PAPER TWIST TIE (PRODUCE AND BAKERY USE),2000,BX,,,,,,,,,,,,,,,,
75003813,MEAT FILM 15X5000,1,RL,,,,,,,,,,,,,,,,
75003888,"18"" CLEAR MEAT FILM",1,RL,,,,,,,,,,,,,,,,
750000451,"16"" Silicone Oven Mitt",2,PR,,,,,,,,,,,,,,,,
FRONT-END,,,,,,,,,,,,,,,,,,,
49050032,CASH REGISTER TAPE - BPA Free,50,CS, ,,,,,,,,,,,,,,,
17407613,CALCULATOR RECEIPT TAPE,100,CS,,,,,,,,,,,,,,,,
18309868,T-SAK  BAG RACK,2,PK,,,,,,,,,,,,,,,,
18300849,Fresh Market Ultra Prime T-Sack 11.5x6.5x20 14mic,1600,CS,,,,,,,,,,,,,,,,
13202734,Fresh Market 1/7bbl Handled Paper Bag,300,BL,,,,,,,,,,,,,,,,
174003641,ERC35 RIBBON NYLON 1/2X36 PURPLE - for registers,1,EA,disco & deplete,,,,,,,,,,,,,,,
MEAT & SEAFOOD,,,,,,,,,,,,,,,,,,,
35620344,THE FRESH MARKET FREEZER PAPER,1,RL,,,,,,,,,,,,,,,,
150065285,DELI PATTY PAPER 4.75X5 ,1000,BX,,,,,,,,,,,,,,,,
150500201,BOX FOR SEAFOOD,1,EA,,,,,,,,,,,,,,,,
150500211,LID FOR SEAFOOD BOX,1,EA,,,,,,,,,,,,,,,,
61495100,MEATLOAF PAN 2- LB 8.5X4.5X2.5,500,CS,,,,,,,,,,,,,,,,
421900195,MEAT SAW BLADE,4,CS,,,,,,,,,,,,,,,,
421942305,MEAT SAW BLADE,4,CS,,,,,,,,,,,,,,,,
16202616,148D BLACK TRAY FOR SALMON SIDE,100,CS,,,,,,,,,,,,,,,,
16202624,READYMEAL 9x7 Medium Black/Gold Entrée w/Dome Lid Combo,50,CS,,,,,,,,,,,,,,,,
61490140,READYMEAL SMALL BLK/GLD PAN ONLY 9331-300PT 8.2x6.2x1.25                                                  ,300,CS,,,,,,,,,,,,,,,,
12200505,Meal Kit Container 8x8,100,CS,,,,,,,,,,,,,,,,
12200729,Meal Kit Lid Clr 8x8,100,CS,,,,,,,,,,,,,,,,
32811578,Seafood Steamer Bag  8.9 x 10.8 250,250,CS,,,,,,,,,,,,,,,,
H4730065,4X7 DRILOC MEAT PAD,3000,CS,for Bunzl ATL/TAMPA/S.FL ,,,,,,,,,,,,,,,
75001444,4X6 DRILOC MEAT PAD BLK/WHT,2000,CS, ,,,,,,,,,,,,,,,
30460900,LARGE GRINDER 4 ARM KNIFE #32,1,EA,,,,,,,,,,,,,,,,
304632191,"103219 PLATE #12 TRIUMPH 3/8"" HOLES",1,EA,,,,,,,,,,,,,,,,
304632901,"103290 #200 TRIUMPH PLATE 5/32"" HOLE",1,EA,,,,,,,,,,,,,,,,
304644921,"104492 #300 TRIUMPH PLATE 5/32"" HOLE",1,EA,,,,,,,,,,,,,,,,
30467159,107159 #12 EVERLASTING KNIVES,1,EA,,,,,,,,,,,,,,,,
30467320,SMALL GRINDER 4 ARM KNIFE #22,1,EA,,,,,,,,,,,,,,,,
75004008,MINERAL OIL LUBE 32OZ,12,CS,deplete & replace with 32210042,,,,,,,,,,,,,,,
35620120,STEAK PAPER 9X12 BLACK,1000,CS,,,,,,,,,,,,,,,,
10420036,STEAK PAPER 9X12 BLACK,1000,CS,Bunzl NOLA only; deplete & replace w/ 35620120,,,,,,,,,,,,,,,
35620121,STEAK PAPER 10X14 BLACK,1000,CS,,,,,,,,,,,,,,,,
10420037,STEAK PAPER 10X14 BLACK,1000,CS,Bunzl NOLA only; deplete & replace w/ 35620121,,,,,,,,,,,,,,,
38990219,CHICKEN /MEAT BAG 8X14,1000,CS,,,,,,,,,,,,,,,,
446591001,VINYL MEAT APRON,1,EA,,,,,,,,,,,,,,,,
39350931,SLP75 LBM SKEWER CONTAINER,300,CS,,,,,,,,,,,,,,,,
617018245,"BAMBOO SKEWERS 12""",800,BX,,,,,,,,,,,,,,,,
62420274,4MIL 12X18 BAG-KING CRAB BAG-R,500,CS,,,,,,,,,,,,,,,,
727568301,#14 POLY NETTING,1,EA,,,,,,,,,,,,,,,,
750002091,BUTCHERS TWINE,1,EA,,,,,,,,,,,,,,,,
G0660002,**NEW**PL7X3.5 CEDAR GRILLING PLANK,50,CS,,,,,,,,,,,,,,,,
G0660003,**NEW**PL7X8 CEDAR GRILLING PLANK,25,CS,,,,,,,,,,,,,,,,
SMALLWARES,,,,,,,,,,,,,,,,,,,
243208111,PLAIN 22QT ROUND STORAGE CONTA INER,1,EA,,,,,,,,,,,,,,,,
243208281,22QT ROUND STORAGE CONTAINER L ID,1,EA,,,,,,,,,,,,,,,,
243268141,22QT ROUND STORAGE CONTAINER,1,EA,,,,,,,,,,,,,,,,
17706089,15-GAL BLACK BULLET TRASH CAN W/ LID,1,EA,,,,,,,,,,,,,,,,
177077321,TRASH CAN  DOLLY,1,EA,,,,,,,,,,,,,,,,
276012761,3200GY HUSKEE CONTAINER 32 GAL GRAY,1,EA,,,,,,,,,,,,,,,,
276012791,3201GY HUSKEE LID F/32 GAL GRAY,1,EA,,,,,,,,,,,,,,,,
276032341,32-GAL FUNNEL TOP FOR GREY TRASH CAN,1,EA,,,,,,,,,,,,,,,,
276085061,5501G LID GREY 55-GAL HUSKEE,1,EA,,,,,,,,,,,,,,,,
276085071,5500GY HUSKEE CONTAINER W/O LID 55-GAL GRAY,1,EA,,,,,,,,,,,,,,,,
633601721,SIZE 20 DISHER,1,EA,,,,,,,,,,,,,,,,
633600421,1.2L BLACK & S/S CARAFE,1,EA,,,,,,,,,,,,,,,,
633601741,SUGAR POURER FOR COFFEE STATION,1,EA,,,,,,,,,,,,,,,,
SMALLWARES cont.,,,,,,,,,,,,,,,,,,,
633601751,5OZ ALUMINUM SCOOP,1,EA,,,,,,,,,,,,,,,,
633601761,SIZE 40 PURPLE SCOOP,1,EA,,,,,,,,,,,,,,,,
633601771,12OZ ALUMINUM SCOOP,1,EA,,,,,,,,,,,,,,,,
633601781,NUT BREAD SCOOP SIZE 8 GRAY,1,EA,,,,,,,,,,,,,,,,
633601731,15INCH SLOTTED BASTING SPOON,1,EA,,,,,,,,,,,,,,,,
633617011,15INCH SOLID BASTING SPOON,1,EA,,,,,,,,,,,,,,,,
633605211,15INCH BLACK SERVING SPOON,1,EA,,,,,,,,,,,,,,,,
638704601,11INCH SOLID BLACK SPOON,1,EA,,,,,,,,,,,,,,,,
638704611,11INCH PERFORATED BLACK SPOON,1,EA,,,,,,,,,,,,,,,,
PRODUCE,,,,,,,,,,,,,,,,,,,
12202038,A7QTBL OVAL BOWL PLASTIC 1-QT BLACK (Luau Bowl),50,CS,,,,,,,,,,,,,,,,
L8750166,12OZ CLEAR DELI CONTAINER,500,CS,,,,,,,,,,,,,,,,
L8750170,16OZ XL CLEAR DELI CONTAINER,500,CS,,,,,,,,,,,,,,,,
L8750171,32OZ XL CLEAR DELI CONTAINER,500,CS,,,,,,,,,,,,,,,,
L8750173,CLEAR LID FOR 8 - 16 - 32 OZ DELI CONTAINERS,500,CS,,,,,,,,,,,,,,,,
62203658,Dual Oven Roasted Veg Tray 23.5oz,420,CS,,,,,,,,,,,,,,,,
62200390,Lid for Dual Oven Roasted Veg 23.5 oz,390,CS,,,,,,,,,,,,,,,,
349005855,3/8X18  GREEN FOIL TWISTEM,1000,BX,,,,,,,,,,,,,,,,
32812484,SOFT LOOP HANDLED PRODUCE TOTE CLEAR,200,CS,,,,,,,,,,,,,,,,
32811188,Produce Steamer Bag SMALL 7.5x11+4,250,CS,,,,,,,,,,,,,,,,
32811191,Produce Steamer Bag LARGE 11.5x9.75+5,250,CS,,,,,,,,,,,,,,,,
10060033,"PRODUCE BAG 6-MIC, EASY OPEN",4100,CS,,,,,,,,,,,,,,,,
F5880042,WATERMELON BAG 15X6X9.75 CLEAR 1/4 SLICE,700,CS,,,,,,,,,,,,,,,,
204330781,ORGANICALLY GROWN RUBBERBAND,1,BG,,,,,,,,,,,,,,,,
542716185,ORGANICALLY GROWN TWIST TIE,125,BDL,out of stock - TBD,,,,,,,,,,,,,,,
617008185,"10"" WOODEN SKEWER",1000,BX,,,,,,,,,,,,,,,,
62200505,3-CMPT BENTO FOOD CONTR PET 8.419X6.135X1.67 CLR,300,CS,,,,,,,,,,,,,,,,
62200507,BENTO 3 CMPT LID PET LG CLEAR,300,CS,,,,,,,,,,,,,,,,
62200292,SQUARE CUT FRUIT TRAY & DOME LID,25,CS,"*also in ""Multiple Dept""",,,,,,,,,,,,,,,
E8560012,GREEN TAMPER PROOF CAP F/JUICE BOTTLE,2500,CS,,,,,,,,,,,,,,,,